1,Anthony Davis,LAL,6,35.8,31.8,11.2,19.5,57.3,0.3,1.3,25.0,9.2,11.7,78.6,2.3,9.7,12.0,2.8,1.8,2.0,2.3,37.3
2,Giannis Antetokounmpo,MIL,6,35.2,31.0,12.7,20.0,63.3,0.0,0.5,0.0,5.7,10.7,53.1,1.8,10.5,12.3,6.3,0.5,0.5,3.0,35.3
3,Jayson Tatum,BOS,7,35.1,30.3,9.6,19.9,48.2,3.9,11.3,34.2,7.3,9.3,78.5,0.7,6.9,7.6,4.6,1.9,0.6,2.7,29.9
4,LaMelo Ball,CHA,6,34.0,30.2,10.5,22.2,47.4,5.0,12.3,40.5,4.2,4.7,89.3,1.0,4.0,5.0,6.3,1.5,0.3,5.5,25.7
5,Nikola Jokić,DEN,6,37.7,29.8,10.8,19.3,56.0,2.7,4.5,59.3,5.5,6.8,80.5,3.8,8.5,12.3,9.8,1.5,1.0,3.3,41.3
6,Tyrese Maxey,PHI,5,41.0,29.8,10.0,26.0,38.5,3.0,11.4,26.3,6.8,8.2,82.9,0.0,3.4,3.4,4.8,1.6,0.6,2.2,20.6
7,Paolo Banchero,ORL,5,36.4,29.0,9.6,19.4,49.5,2.2,6.4,34.4,7.6,11.8,64.4,2.4,6.4,8.8,5.6,0.6,0.8,2.2,28.6
8,Anthony Edwards,MIN,6,38.5,28.3,10.0,21.7,46.2,5.3,12.3,43.2,3.0,4.8,62.1,0.2,5.5,5.7,3.3,0.8,0.5,3.5,21.7
9,Luka Dončić,DAL,6,36.3,28.0,9.8,24.3,40.4,3.2,10.2,31.1,5.2,6.8,75.6,0.7,7.8,8.5,6.2,0.8,0.5,2.7,25.2
10,Trae Young,ATL,7,37.9,27.0,7.9,19.0,41.4,3.3,9.9,33.3,8.0,8.9,90.3,1.1,3.9,5.0,11.7,1.3,0.3,5.1,28.1
11,Devin Booker,PHX,6,36.3,26.7,8.2,17.7,46.2,3.3,8.3,40.0,7.0,8.0,87.5,1.2,3.0,4.2,5.7,1.2,0.3,2.0,25.5
12,Cam Thomas,BKN,7,34.0,26.6,8.6,19.9,43.2,2.7,8.3,32.8,6.7,7.3,92.2,0.6,2.7,3.3,2.7,1.0,0.0,2.4,19.3
13,Shai Gilgeous-Alexander,OKC,6,31.5,26.5,9.5,20.2,47.1,2.0,7.2,27.9,5.5,6.0,91.7,1.2,5.5,6.7,6.5,1.8,1.2,1.8,29.7
14,Damian Lillard,MIL,6,35.7,26.2,7.7,17.3,44.2,3.7,10.0,36.7,7.2,8.2,87.8,1.0,4.0,5.0,6.7,0.5,0.3,2.5,25.5
15,Kevin Durant,PHX,6,39.3,25.8,9.0,17.3,51.9,2.5,5.7,44.1,5.3,6.7,80.0,0.2,6.8,7.0,3.0,0.8,1.5,3.3,25.2
16,Jaylen Brown,BOS,6,36.0,25.7,8.7,21.7,40.0,2.0,7.5,26.7,6.3,7.8,80.9,1.7,5.5,7.2,3.8,1.5,0.5,2.2,22.0
17,Jalen Brunson,NYK,5,31.8,25.4,9.4,19.4,48.5,2.6,5.2,50.0,4.0,5.2,76.9,0.4,2.0,2.4,5.6,0.4,0.0,1.8,20.8
18,DeMar DeRozan,SAC,6,38.2,25.3,8.8,16.8,52.5,0.8,2.5,33.3,6.8,8.0,85.4,0.7,3.8,4.5,3.7,2.3,0.3,2.2,24.8
19,Norman Powell,LAC,6,33.0,25.2,9.3,18.2,51.4,3.7,8.7,42.3,2.8,3.3,85.0,0.3,2.5,2.8,1.7,0.8,0.3,1.8,19.7
20,Donovan Mitchell,CLE,7,29.6,24.4,9.3,18.6,50.0,3.1,7.9,40.0,2.7,3.4,79.2,0.7,2.0,2.7,4.3,1.4,0.1,2.4,20.6
21,Brandon Ingram,NOP,7,32.4,24.3,9.6,18.9,50.8,2.7,6.4,42.2,2.4,2.7,89.5,1.4,5.0,6.4,4.1,0.9,0.7,2.9,24.0
22,Jalen Green,HOU,6,34.7,24.2,8.2,20.3,40.2,3.8,9.8,39.0,4.0,4.8,82.8,0.5,4.2,4.7,3.0,0.8,0.5,2.3,17.8
23,Cade Cunningham,DET,7,35.9,24.1,9.4,19.1,49.3,2.4,6.1,39.5,2.9,3.4,83.3,0.7,5.0,5.7,6.9,0.7,1.0,5.1,23.0
24,De'Aaron Fox,SAC,6,37.5,23.5,8.5,17.8,47.7,1.8,6.8,26.8,4.7,5.3,87.5,1.0,4.2,5.2,5.7,2.5,0.0,4.2,22.7
25,Kyrie Irving,DAL,6,35.3,23.3,8.5,17.8,47.7,3.3,5.7,58.8,3.0,3.5,85.7,1.5,2.7,4.2,5.2,1.5,0.3,1.7,23.0
26,Julius Randle,MIN,6,34.3,22.8,8.3,14.0,59.5,2.0,4.0,50.0,4.2,5.3,78.1,1.7,5.2,6.8,4.8,0.5,0.0,3.0,25.2
27,Zach LaVine,CHI,6,34.7,22.7,7.7,15.5,49.5,3.7,8.0,45.8,3.7,4.5,81.5,0.3,5.2,5.5,2.7,0.8,0.5,3.7,19.8
28,Jordan Poole,WAS,5,30.4,22.2,7.2,15.6,46.2,4.4,8.6,51.2,3.4,3.6,94.4,0.4,0.8,1.2,5.4,2.8,0.6,3.4,20.2
28,Karl-Anthony Towns,NYK,5,30.8,22.2,7.8,14.2,54.9,2.2,3.4,64.7,4.4,4.8,91.7,2.2,9.0,11.2,3.0,0.8,0.6,1.2,29.8
30,Buddy Hield,GSW,6,25.3,22.2,7.8,15.2,51.6,5.0,9.7,51.7,1.5,1.7,90.0,0.8,3.3,4.2,2.5,1.0,0.5,1.3,21.5
30,LeBron James,LAL,6,34.0,22.2,7.8,15.8,49.5,2.5,5.7,44.1,4.0,5.3,75.0,0.2,6.5,6.7,7.2,0.3,0.5,2.8,24.7
32,James Harden,LAC,6,35.5,21.8,6.5,18.0,36.1,2.5,9.3,26.8,6.3,7.3,86.4,0.7,8.2,8.8,10.8,1.7,1.0,5.5,26.2
33,Domantas Sabonis,SAC,6,36.8,21.5,7.7,12.3,62.2,1.0,2.0,50.0,5.2,6.3,81.6,3.2,9.8,13.0,6.3,0.7,0.3,3.0,33.0
33,Nikola Vučević,CHI,6,33.3,21.5,8.0,14.5,55.2,2.3,4.7,50.0,3.2,3.3,95.0,3.0,8.0,11.0,3.3,0.3,0.7,1.7,28.5
35,Zion Williamson,NOP,5,31.4,21.4,7.6,17.2,44.2,0.4,1.2,33.3,5.8,9.4,61.7,2.8,5.2,8.0,5.6,0.6,1.2,3.6,20.0
36,Gradey Dick,TOR,7,32.0,21.0,7.4,15.9,46.8,2.7,7.3,37.3,3.4,3.7,92.3,0.7,2.0,2.7,1.9,1.1,0.4,1.4,17.0
37,Tyler Herro,MIA,5,30.0,20.8,7.2,15.0,48.0,3.6,8.2,43.9,2.8,3.6,77.8,0.2,4.8,5.0,4.4,0.6,0.2,1.8,20.6
38,Jaren Jackson Jr.,MEM,5,26.4,20.4,7.8,13.2,59.1,1.2,3.2,37.5,3.6,5.6,64.3,1.0,4.0,5.0,0.8,1.6,1.0,1.6,19.8
39,Ja Morant,MEM,6,27.7,20.0,6.5,14.3,45.3,0.8,4.2,20.0,6.2,7.5,82.2,0.5,4.7,5.2,9.8,0.7,0.2,4.3,22.3
40,Dennis Schröder,BKN,7,34.7,19.9,6.9,13.4,51.1,3.3,6.3,52.3,2.9,3.3,87.0,0.1,3.0,3.1,7.4,1.4,0.0,2.6,22.3
41,Pascal Siakam,IND,6,33.2,19.8,8.0,14.7,54.5,2.2,4.8,44.8,1.7,2.7,62.5,2.2,5.0,7.2,5.3,0.8,0.3,1.5,24.3
42,Bilal Coulibaly,WAS,5,34.0,19.4,6.8,11.2,60.7,2.0,4.2,47.6,3.8,4.8,79.2,2.2,4.0,6.2,2.6,1.2,0.2,2.0,22.2
43,Coby White,CHI,6,33.8,19.3,6.5,14.8,43.8,3.5,9.3,37.5,2.8,3.7,77.3,0.3,4.0,4.3,4.3,1.2,0.2,2.5,17.7
44,Tre Mann,CHA,6,27.7,19.2,7.2,15.3,46.7,2.7,6.0,44.4,2.2,2.2,100,1.2,2.2,3.3,3.5,0.7,0.5,2.2,16.8
45,Anfernee Simons,POR,7,34.1,18.9,6.0,16.9,35.6,2.6,8.3,31.0,4.3,4.7,90.9,0.3,2.6,2.9,5.3,0.9,0.1,2.7,14.0
46,Desmond Bane,MEM,5,26.4,18.8,7.0,14.4,48.6,2.6,6.4,40.6,2.2,2.4,91.7,1.0,4.4,5.4,2.8,1.0,0.6,1.8,19.2
47,Derrick White,BOS,7,33.6,18.7,6.3,13.3,47.3,3.6,8.7,41.0,2.6,2.7,94.7,0.7,3.4,4.1,3.9,0.9,1.1,1.0,20.6
47,Jaden Ivey,DET,7,31.7,18.7,6.6,14.9,44.2,2.1,5.6,38.5,3.4,4.4,77.4,1.4,3.1,4.6,3.6,1.0,0.1,2.9,15.9
49,Jerami Grant,POR,7,33.3,18.6,6.4,16.9,38.1,2.9,8.3,34.5,2.9,3.6,80.0,0.4,4.4,4.9,1.9,0.9,1.6,2.0,14.6
50,Jalen Johnson,ATL,7,37.1,18.1,6.7,15.0,44.8,0.9,4.0,21.4,3.9,5.9,65.9,2.1,7.7,9.9,5.3,1.9,1.0,3.6,22.3
51,Kelly Oubre Jr.,PHI,5,33.2,18.0,6.6,16.4,40.2,2.0,6.4,31.3,2.8,3.8,73.7,1.4,3.2,4.6,0.8,1.2,0.2,1.6,12.4
51,Victor Wembanyama,SAS,6,31.0,18.0,6.3,14.8,42.7,1.5,6.8,22.0,3.8,4.2,92.0,2.0,7.8,9.8,3.2,1.0,3.0,3.5,22.7
53,Darius Garland,CLE,7,28.1,17.9,6.7,13.7,49.0,2.7,6.7,40.4,1.7,1.7,100,0.6,1.4,2.0,6.3,1.1,0.4,2.4,18.3
54,Evan Mobley,CLE,7,29.6,17.7,7.3,13.0,56.0,0.7,1.7,41.7,2.4,2.7,89.5,1.3,7.3,8.6,2.7,1.0,1.6,2.1,23.4
55,Chet Holmgren,OKC,6,28.8,17.7,6.3,11.7,54.3,1.2,4.0,29.2,3.8,5.2,74.2,1.7,8.2,9.8,3.0,1.3,3.3,2.8,25.7
56,Mikal Bridges,NYK,5,36.6,17.6,7.2,13.8,52.2,2.4,6.2,38.7,0.8,1.4,57.1,1.2,2.2,3.4,3.8,1.6,0.8,1.0,19.0
57,Jordan Hawkins,NOP,7,32.0,17.6,5.9,13.7,42.7,2.6,6.9,37.5,3.3,3.6,92.0,0.6,4.0,4.6,1.4,0.1,0.3,1.7,14.1
58,Aaron Gordon,DEN,6,34.7,17.5,6.0,11.3,52.9,1.8,3.3,55.0,3.7,4.3,84.6,3.2,4.7,7.8,3.5,0.8,0.3,1.3,22.7
58,Ivica Zubac,LAC,6,34.3,17.5,7.3,12.7,57.9,0.0,0.0,0.0,2.8,5.2,54.8,3.8,9.2,13.0,2.5,0.8,0.8,2.2,24.8
58,Jalen Williams,OKC,6,31.0,17.5,6.8,16.0,42.7,1.8,4.8,37.9,2.0,3.0,66.7,1.0,5.7,6.7,5.3,2.0,0.5,2.5,19.3
61,Jalen Suggs,ORL,7,28.6,17.4,5.9,13.3,44.1,2.7,7.4,36.5,3.0,3.4,87.5,0.4,4.9,5.3,4.1,2.1,1.0,2.1,20.0
62,Austin Reaves,LAL,6,34.3,17.3,5.8,12.0,48.6,2.2,5.8,37.1,3.5,4.3,80.8,1.3,3.8,5.2,5.0,1.3,0.5,2.7,19.7
62,Jeremy Sochan,SAS,6,32.2,17.3,7.0,13.8,50.6,0.5,1.8,27.3,2.8,4.2,68.0,2.7,5.8,8.5,3.3,1.0,0.5,2.3,20.2
64,Terry Rozier,MIA,5,32.6,17.2,5.6,14.0,40.0,3.4,8.0,42.5,2.6,2.8,92.9,0.2,4.4,4.6,4.4,0.6,0.4,1.8,16.8
65,Franz Wagner,ORL,7,26.4,17.0,6.7,14.0,48.0,1.7,4.6,37.5,1.9,2.3,81.3,1.1,3.9,5.0,4.1,1.4,0.3,2.1,18.0
65,Jimmy Butler,MIA,5,33.0,17.0,5.4,11.2,48.2,0.2,1.6,12.5,6.0,8.4,71.4,3.2,2.4,5.6,5.6,1.8,0.4,2.0,20.2
67,Michael Porter Jr.,DEN,6,36.3,16.5,6.5,13.8,47.0,2.5,6.7,37.5,1.0,1.5,66.7,1.3,5.7,7.0,2.5,1.0,0.2,1.0,18.3
68,Bennedict Mathurin,IND,6,26.8,16.3,5.3,10.0,53.3,1.3,3.3,40.0,4.3,5.5,78.8,1.2,3.7,4.8,1.8,0.2,0.0,1.8,15.5
69,Jamal Murray,DEN,5,34.8,16.2,5.4,14.6,37.0,1.4,4.6,30.4,4.0,4.4,90.9,0.6,3.8,4.4,4.4,1.2,0.0,1.2,15.4
70,Cameron Johnson,BKN,7,33.3,16.1,5.4,12.9,42.2,3.0,8.9,33.9,2.3,2.7,84.2,0.3,3.7,4.0,3.1,0.9,0.6,0.4,16.4
71,Payton Pritchard,BOS,7,27.9,15.7,5.0,11.1,44.9,4.1,9.4,43.9,1.6,1.7,91.7,0.9,2.1,3.0,2.6,1.3,0.0,0.9,15.4
72,Bam Adebayo,MIA,5,31.4,15.2,5.4,12.4,43.5,0.6,2.6,23.1,3.8,5.4,70.4,2.8,5.8,8.6,2.8,1.2,1.0,0.8,19.4
73,Jarrett Allen,CLE,7,29.3,15.1,5.9,8.0,73.2,0.0,0.0,0.0,3.4,4.6,75.0,2.1,9.0,11.1,1.1,0.9,1.4,1.1,25.3
74,Alperen Sengun,HOU,6,28.2,15.0,5.3,13.8,38.6,0.7,1.7,40.0,3.7,5.2,71.0,4.3,7.7,12.0,3.7,1.3,0.7,2.0,20.7
75,John Collins,UTA,6,22.3,14.7,5.3,12.2,43.8,1.0,3.0,33.3,3.0,3.2,94.7,2.2,4.7,6.8,2.5,1.0,1.0,2.2,16.8
75,Josh Giddey,CHI,6,29.0,14.7,5.3,12.2,43.8,1.7,3.5,47.6,2.3,4.2,56.0,1.8,6.2,8.0,6.2,0.7,0.2,2.5,18.5
77,Christian Braun,DEN,6,35.0,14.5,5.3,10.2,52.5,1.3,3.2,42.1,2.5,2.8,88.2,1.2,3.8,5.0,2.0,1.0,1.2,1.3,17.2
77,Keegan Murray,SAC,6,37.7,14.5,5.5,12.5,44.0,2.0,6.5,30.8,1.5,1.8,81.8,2.3,5.7,8.0,1.8,0.7,0.7,0.8,17.5
77,Klay Thompson,DAL,6,29.3,14.5,5.3,12.3,43.2,3.3,9.0,37.0,0.5,0.5,100,0.8,2.5,3.3,1.7,1.0,0.3,0.5,13.3
77,Rui Hachimura,LAL,6,34.0,14.5,5.3,12.5,42.7,1.7,3.2,52.6,2.2,2.7,81.3,2.5,4.3,6.8,1.7,0.7,0.3,0.8,15.5
81,Jakob Pöltl,TOR,7,32.6,14.4,6.0,10.3,58.3,0.0,0.0,0.0,2.4,3.1,77.3,4.1,7.9,12.0,2.9,0.7,1.4,2.7,23.7
82,Myles Turner,IND,5,30.4,14.4,5.2,11.2,46.4,1.6,4.8,33.3,2.4,3.8,63.2,0.4,5.4,5.8,1.8,0.8,1.8,3.4,13.8
83,Josh Hart,NYK,5,35.6,14.2,5.2,9.4,55.3,1.2,4.2,28.6,2.6,3.2,81.3,2.4,7.6,10.0,3.6,1.4,0.0,2.4,22.0
84,Tyrese Haliburton,IND,6,34.3,14.0,4.8,14.3,33.7,2.0,8.3,24.0,2.3,3.0,77.8,1.0,3.5,4.5,7.3,1.2,0.5,1.8,15.5
85,Deandre Ayton,POR,7,31.6,13.7,6.3,13.0,48.4,0.4,1.1,37.5,0.7,0.9,83.3,2.9,8.4,11.3,1.4,0.7,0.6,1.1,19.7
86,Keyonte George,UTA,6,31.7,13.7,4.5,14.8,30.3,2.0,8.5,23.5,2.7,3.5,76.2,0.7,2.5,3.2,6.5,0.5,0.0,3.7,9.0
86,Naz Reid,MIN,6,24.8,13.7,4.7,8.5,54.9,1.8,4.3,42.3,2.5,2.7,93.8,0.5,5.7,6.2,1.8,0.2,0.7,1.5,17.0
88,Collin Sexton,UTA,6,23.5,13.5,4.2,9.3,44.6,0.5,2.2,23.1,4.7,5.3,87.5,0.2,2.2,2.3,2.3,0.8,0.2,3.0,10.3
88,Jabari Smith Jr.,HOU,6,32.7,13.5,4.5,11.0,40.9,1.8,5.7,32.4,2.7,3.2,84.2,2.7,5.5,8.2,1.2,0.5,0.5,1.0,15.8
90,Dyson Daniels,ATL,5,30.8,13.4,5.6,10.4,53.8,1.6,4.4,36.4,0.6,1.6,37.5,1.4,3.0,4.4,2.4,2.4,0.8,1.0,16.6
91,Jonathan Kuminga,GSW,6,23.5,13.3,4.5,10.2,44.3,0.7,2.7,25.0,3.7,5.2,71.0,1.2,2.7,3.8,1.5,1.0,0.5,2.0,11.0
91,Malik Monk,SAC,6,27.7,13.3,4.8,10.8,44.6,1.8,5.3,34.4,1.8,2.3,78.6,0.0,3.3,3.3,3.7,0.7,0.3,0.7,14.2
91,Miles Bridges,CHA,6,30.7,13.3,4.7,12.5,37.3,1.5,6.0,25.0,2.5,3.2,78.9,0.5,6.3,6.8,2.3,0.7,0.7,2.0,13.3
94,Santi Aldama,MEM,7,29.4,13.3,5.3,10.6,50.0,1.6,4.7,33.3,1.1,1.1,100,1.3,6.6,7.9,3.3,0.6,0.7,1.7,18.7
94,Scoot Henderson,POR,7,25.9,13.3,4.6,11.1,41.0,1.0,3.4,29.2,3.1,3.9,81.5,0.6,2.6,3.1,4.9,0.6,0.0,2.7,11.9
96,Jordan Clarkson,UTA,5,24.4,13.0,4.6,11.8,39.0,1.0,5.2,19.2,2.8,4.0,70.0,0.6,3.2,3.8,3.4,0.4,0.2,2.2,10.2
96,OG Anunoby,NYK,5,35.0,13.0,5.0,10.6,47.2,1.6,4.6,34.8,1.4,1.8,77.8,0.6,3.0,3.6,2.4,1.6,0.2,1.2,13.6
98,Tim Hardaway Jr.,DET,7,28.6,12.9,3.9,8.4,45.8,3.0,6.1,48.8,2.1,2.3,93.8,0.1,0.9,1.0,1.9,0.1,0.0,0.6,10.6
99,Miles McBride,NYK,5,25.8,12.8,4.8,9.2,52.2,2.4,5.2,46.2,0.8,1.2,66.7,0.6,1.6,2.2,2.4,1.2,0.2,1.2,12.8
100,Ochai Agbaji,TOR,7,29.9,12.7,5.1,8.7,59.0,1.4,3.1,45.5,1.0,1.4,70.0,1.4,3.3,4.7,1.7,1.3,0.7,1.1,16.0
100,Tobias Harris,DET,7,33.4,12.7,5.1,11.9,43.4,0.7,3.7,19.2,1.7,1.7,100,1.1,6.7,7.9,2.7,0.6,1.1,1.7,16.6
102,Garrison Mathews,ATL,6,22.8,12.7,3.8,8.2,46.9,3.7,7.2,51.2,1.3,1.5,88.9,0.2,1.2,1.3,1.5,1.0,0.2,0.8,11.3
102,Keldon Johnson,SAS,6,27.8,12.7,4.7,11.5,40.6,1.2,5.0,23.3,2.2,2.7,81.3,1.2,4.8,6.0,0.7,1.0,0.0,1.2,11.8
104,Jrue Holiday,BOS,7,30.6,12.6,4.3,9.0,47.6,2.4,4.7,51.5,1.6,2.0,78.6,0.6,3.1,3.7,3.3,0.3,0.1,1.7,13.1
105,Onyeka Okongwu,ATL,5,24.4,12.4,4.4,7.4,59.5,0.4,1.8,22.2,3.2,3.8,84.2,1.6,3.6,5.2,1.6,0.6,0.8,0.4,16.6
106,Fred VanVleet,HOU,6,37.8,12.3,3.7,13.0,28.2,2.5,8.8,28.3,2.5,3.0,83.3,1.0,2.3,3.3,5.7,1.5,0.2,0.7,12.5
107,Jonas Valančiūnas,WAS,5,20.8,12.2,5.0,9.0,55.6,0.2,0.4,50.0,2.0,2.4,83.3,2.2,5.2,7.4,2.6,0.4,0.2,2.4,16.0
108,D'Angelo Russell,LAL,6,31.0,12.2,4.2,10.3,40.3,1.7,5.7,29.4,2.2,2.2,100,0.5,1.8,2.3,5.8,0.8,0.2,1.5,13.7
109,Caris LeVert,CLE,6,21.7,12.0,4.5,7.3,61.4,1.8,3.5,52.4,1.2,2.0,58.3,0.3,1.5,1.8,4.3,1.0,0.5,0.8,15.2
109,Luguentz Dort,OKC,6,27.0,12.0,4.2,8.2,51.0,2.2,4.5,48.1,1.5,1.7,90.0,1.2,2.3,3.5,1.3,1.2,0.8,0.2,14.5
109,Malik Beasley,DET,7,25.1,12.0,4.1,11.6,35.8,2.9,7.7,37.0,0.9,1.3,66.7,0.3,1.7,2.0,1.1,0.6,0.1,1.1,6.9
112,Chris Paul,SAS,6,29.2,11.7,4.2,8.3,50.0,2.3,5.0,46.7,1.0,1.0,100,0.5,3.5,4.0,8.7,1.0,0.2,2.2,19.2
112,Harrison Barnes,SAS,6,29.7,11.7,4.3,7.8,55.3,1.3,3.3,40.0,1.7,1.8,90.9,1.2,2.0,3.2,1.2,0.5,0.3,0.5,12.7
114,Kevin Huerter,SAC,5,26.0,11.6,4.6,9.4,48.9,2.4,6.4,37.5,0.0,0.0,0.0,0.4,2.4,2.8,1.8,1.0,0.8,0.4,12.8
115,Tari Eason,HOU,6,20.5,11.5,4.7,8.3,56.0,1.2,2.7,43.8,1.0,1.5,66.7,2.2,2.3,4.5,1.5,2.2,1.0,0.7,15.8
116,Corey Kispert,WAS,5,30.4,11.4,4.2,10.8,38.9,2.0,7.0,28.6,1.0,1.2,83.3,0.0,2.8,2.8,1.8,0.4,0.0,0.8,8.8
117,Moritz Wagner,ORL,7,17.7,11.3,3.9,7.6,50.9,0.7,2.6,27.8,2.9,3.6,80.0,0.7,4.0,4.7,0.6,0.4,0.3,1.6,11.3
118,Caleb Martin,PHI,5,33.6,11.2,3.2,9.8,32.7,0.4,2.6,15.4,4.4,6.4,68.8,2.8,4.0,6.8,2.4,0.4,0.6,3.0,9.8
119,Dillon Brooks,HOU,6,33.8,11.2,3.8,10.5,36.5,1.7,5.5,30.3,1.8,2.0,91.7,1.5,2.7,4.2,0.8,0.7,0.3,0.5,9.8
120,Bobby Portis,MIL,6,24.2,11.0,5.0,10.5,47.6,0.7,2.7,25.0,0.3,0.3,100,2.0,5.7,7.7,1.0,0.7,0.5,2.0,13.3
120,Jay Huff,MEM,7,16.6,11.0,3.9,6.3,61.4,2.1,3.9,55.6,1.1,1.1,100,0.4,2.3,2.7,0.7,0.3,1.3,0.4,13.1
120,Nick Richards,CHA,5,27.4,11.0,4.2,6.6,63.6,0.0,0.2,0.0,2.6,4.4,59.1,4.0,6.0,10.0,1.8,0.4,2.4,1.4,20.0
120,Scotty Pippen Jr.,MEM,7,25.1,11.0,4.0,8.0,50.0,1.0,2.4,41.2,2.0,2.4,82.4,0.6,2.6,3.1,7.3,1.3,0.4,2.4,16.3
124,Chris Boucher,TOR,7,17.7,10.9,3.9,8.1,47.4,1.3,4.0,32.1,1.9,2.7,68.4,0.6,3.4,4.0,0.7,0.4,1.0,0.4,11.4
125,Rudy Gobert,MIN,6,33.2,10.8,4.0,6.8,58.5,0.0,0.0,0.0,2.8,3.8,73.9,2.5,7.8,10.3,1.5,0.7,1.2,1.5,19.2
126,Cody Martin,CHA,6,24.0,10.7,3.8,8.0,47.9,1.7,4.3,38.5,1.3,1.7,80.0,1.3,3.2,4.5,1.3,0.7,0.5,0.8,12.3
126,Moses Moody,GSW,6,18.3,10.7,3.7,7.2,51.2,2.5,4.8,51.7,0.8,1.5,55.6,0.3,1.5,1.8,1.5,0.3,0.2,1.3,9.0
126,Obi Toppin,IND,6,20.8,10.7,3.8,7.2,53.5,1.2,3.2,36.8,1.8,2.2,84.6,1.2,2.2,3.3,1.7,0.7,0.3,1.2,11.8
129,Deni Avdija,POR,7,28.3,10.6,3.3,9.7,33.8,0.7,3.7,19.2,3.3,3.7,88.5,1.3,4.7,6.0,2.9,1.4,1.1,2.6,12.6
130,Brandin Podziemski,GSW,6,30.7,10.5,4.5,11.8,38.0,1.0,5.3,18.8,0.5,1.0,50.0,1.5,4.0,5.5,4.5,0.7,0.7,2.0,12.0
130,Brook Lopez,MIL,6,30.7,10.5,3.7,9.8,37.3,1.7,5.7,29.4,1.5,1.8,81.8,1.2,4.0,5.2,1.7,0.7,2.5,1.7,12.3
130,Daniel Gafford,DAL,6,18.8,10.5,4.7,7.3,63.6,0.0,0.0,0.0,1.2,1.7,70.0,2.8,3.2,6.0,1.3,0.5,1.2,1.0,15.3
133,David Roddy,ATL,5,24.8,10.4,3.6,6.4,56.3,1.4,3.0,46.7,1.8,2.2,81.8,0.6,4.6,5.2,2.2,1.0,0.4,1.2,14.8
134,Tyus Jones,PHX,6,31.8,10.3,4.0,8.5,47.1,1.7,4.5,37.0,0.7,0.7,100,0.7,3.2,3.8,6.8,1.3,0.3,0.8,17.3
135,Jaylen Wells,MEM,7,24.9,10.3,3.7,9.3,40.0,1.7,4.4,38.7,1.1,1.7,66.7,1.1,2.4,3.6,1.7,0.3,0.1,1.0,8.9
135,Ziaire Williams,BKN,7,19.3,10.3,4.1,7.6,54.7,1.3,3.0,42.9,0.7,1.0,71.4,1.0,2.3,3.3,1.3,1.0,0.4,1.0,11.6
137,Jalen Smith,CHI,5,13.6,10.2,3.2,6.0,53.3,1.8,3.4,52.9,2.0,3.0,66.7,1.8,3.8,5.6,0.4,0.4,0.2,0.4,12.6
138,Aaron Wiggins,OKC,6,20.8,10.2,4.3,8.3,52.0,1.2,3.0,38.9,0.3,0.3,100,1.0,3.3,4.3,1.7,1.0,0.3,1.0,12.5
138,Derrick Jones Jr.,LAC,6,28.3,10.2,4.2,9.0,46.3,1.3,3.5,38.1,0.5,0.7,75.0,1.7,2.2,3.8,1.0,1.5,0.3,1.5,10.3
140,Clint Capela,ATL,7,23.0,9.9,4.3,6.0,71.4,0.0,0.0,0.0,1.3,1.7,75.0,1.6,5.1,6.7,1.0,0.6,0.9,1.0,15.9
140,Ty Jerome,CLE,7,14.7,9.9,3.4,6.0,57.1,0.9,1.7,50.0,2.1,2.4,88.2,0.4,1.9,2.3,3.1,1.3,0.0,0.7,13.0
142,Donte DiVincenzo,MIN,6,26.8,9.8,3.3,9.3,35.7,2.2,7.0,31.0,1.0,1.5,66.7,0.7,2.3,3.0,3.5,1.0,0.0,1.7,9.2
143,Alexandre Sarr,WAS,5,24.8,9.8,3.6,9.6,37.5,1.2,5.0,24.0,1.4,1.6,87.5,1.6,4.6,6.2,1.6,0.6,2.8,0.6,14.2
144,Dorian Finney-Smith,BKN,7,28.9,9.7,3.6,8.6,41.7,1.6,5.4,28.9,1.0,1.7,58.3,1.6,3.4,5.0,1.6,1.6,0.7,1.1,11.7
145,Amen Thompson,HOU,6,22.7,9.7,3.5,7.2,48.8,0.3,1.3,25.0,2.3,3.2,73.7,1.8,3.5,5.3,1.7,0.5,0.3,2.2,10.8
145,P.J. Washington,DAL,6,32.2,9.7,4.2,9.2,45.5,1.2,4.3,26.9,0.2,0.7,25.0,1.8,5.3,7.2,1.7,1.8,1.0,1.0,14.8
145,Walker Kessler,UTA,6,27.0,9.7,3.8,6.2,62.2,0.0,0.0,0.0,2.0,3.2,63.2,3.8,7.3,11.2,1.2,0.7,3.0,1.3,20.8
148,Nic Claxton,BKN,6,21.7,9.5,4.2,5.8,71.4,0.0,0.0,0.0,1.2,3.0,38.9,2.0,5.2,7.2,2.2,0.7,1.2,1.0,16.2
149,Jaime Jaquez Jr.,MIA,5,25.0,9.4,3.4,9.0,37.8,1.2,2.4,50.0,1.4,2.6,53.8,2.4,5.2,7.6,2.4,0.8,0.0,1.8,11.6
150,Dereck Lively II,DAL,6,23.0,9.3,4.0,5.7,70.6,0.0,0.0,0.0,1.3,2.3,57.1,3.3,4.8,8.2,2.5,0.8,0.8,1.2,17.8
150,Malaki Branham,SAS,6,14.5,9.3,3.3,6.3,52.6,1.3,2.7,50.0,1.3,1.5,88.9,0.0,2.0,2.0,0.8,0.7,0.3,1.5,8.5
152,Carlton Carrington,WAS,5,28.4,9.2,2.8,7.2,38.9,1.2,3.4,35.3,2.4,2.6,92.3,0.0,3.6,3.6,4.4,1.0,0.4,1.4,12.6
152,Kyle Lowry,PHI,5,22.2,9.2,2.6,4.6,56.5,2.4,3.8,63.2,1.6,2.2,72.7,0.2,2.2,2.4,2.6,1.6,0.2,0.8,12.6
152,Seth Curry,CHA,5,25.6,9.2,3.2,6.6,48.5,2.2,4.0,55.0,0.6,1.0,60.0,1.4,1.6,3.0,1.2,0.8,0.2,0.6,10.0
155,Aaron Nesmith,IND,6,22.7,9.2,3.2,6.0,52.8,1.0,1.8,54.5,1.8,2.2,84.6,0.7,3.3,4.0,1.0,0.7,0.3,0.8,11.2
155,Royce O'Neale,PHX,6,25.8,9.2,3.0,6.5,46.2,1.8,4.3,42.3,1.3,1.3,100,1.2,5.7,6.8,2.8,0.7,1.0,1.2,15.8
157,Zach Edey,MEM,7,18.3,9.1,4.1,7.1,58.0,0.1,0.4,33.3,0.7,1.7,41.7,2.6,3.1,5.7,0.4,0.6,0.4,0.9,11.4
158,Taurean Prince,MIL,6,30.8,9.0,3.5,6.2,56.8,2.0,3.7,54.5,0.0,0.0,0.0,1.0,4.3,5.3,1.7,1.3,0.0,0.8,13.8
158,Trayce Jackson-Davis,GSW,6,17.8,9.0,4.0,5.0,80.0,0.0,0.0,0.0,1.0,1.5,66.7,0.8,3.8,4.7,2.5,0.2,0.5,0.5,14.8
160,Toumani Camara,POR,7,29.7,8.9,3.3,7.3,45.1,1.6,3.1,50.0,0.7,1.0,71.4,2.4,2.0,4.4,2.4,1.9,0.3,1.0,12.6
161,Julian Strawther,DEN,6,18.8,8.8,3.3,5.8,57.1,1.3,2.8,47.1,0.8,1.2,71.4,0.5,1.3,1.8,0.8,1.2,0.0,1.0,8.8
162,Nikola Jović,MIA,5,23.4,8.8,3.4,8.0,42.5,1.6,5.0,32.0,0.4,1.0,40.0,0.8,4.2,5.0,2.0,1.2,0.2,1.0,11.0
163,Jalen Duren,DET,7,25.6,8.7,3.6,4.0,89.3,0.0,0.0,0.0,1.6,2.9,55.0,3.0,7.0,10.0,2.9,0.3,1.4,2.0,19.6
164,Gary Trent Jr.,MIL,6,31.0,8.7,2.7,8.7,30.8,1.5,6.0,25.0,1.8,2.0,91.7,0.0,1.5,1.5,1.0,1.0,0.0,0.8,5.2
164,Grant Williams,CHA,6,26.7,8.7,2.7,6.3,42.1,2.0,4.7,42.9,1.3,1.7,80.0,1.2,2.5,3.7,3.0,1.0,0.3,1.5,11.2
164,Nickeil Alexander-Walker,MIN,6,22.5,8.7,3.0,5.7,52.9,2.0,3.8,52.2,0.7,1.2,57.1,0.7,1.7,2.3,3.3,0.7,0.3,1.0,11.2
167,Andre Drummond,PHI,5,28.4,8.6,3.2,7.4,43.2,0.0,0.6,0.0,2.2,3.8,57.9,4.4,7.4,11.8,0.6,1.6,0.6,2.4,15.0
168,Zaccharie Risacher,ATL,7,25.0,8.6,3.1,10.0,31.4,1.0,4.6,21.9,1.3,2.0,64.3,1.1,2.0,3.1,1.0,1.0,0.9,1.3,5.7
169,Jaden McDaniels,MIN,6,28.0,8.5,3.7,8.2,44.9,0.8,3.5,23.8,0.3,0.3,100,1.2,1.2,2.3,2.0,0.7,1.0,1.3,8.7
169,Julian Champagnie,SAS,6,25.8,8.5,3.3,8.0,41.7,1.5,5.0,30.0,0.3,0.3,100,1.5,4.0,5.5,1.5,1.0,0.7,1.3,11.2
169,T.J. McConnell,IND,6,17.0,8.5,4.2,7.5,55.6,0.0,0.3,0.0,0.2,0.3,50.0,0.3,2.0,2.3,4.3,0.8,0.0,1.7,10.8
172,Wendell Carter Jr.,ORL,6,26.3,8.3,2.8,6.3,44.7,0.3,2.7,12.5,2.3,3.0,77.8,2.0,6.8,8.8,2.2,1.3,0.3,0.5,16.3
173,Isaiah Joe,OKC,6,19.3,8.2,2.8,6.8,41.5,2.3,5.7,41.2,0.2,0.3,50.0,0.5,1.5,2.0,1.3,0.7,0.0,0.5,7.5
173,Jusuf Nurkić,PHX,6,22.2,8.2,2.5,6.7,37.5,0.5,2.7,18.8,2.7,3.8,69.6,1.2,7.5,8.7,1.5,0.3,0.7,3.5,10.5
173,Russell Westbrook,DEN,6,22.7,8.2,2.2,9.3,23.2,0.7,3.2,21.1,3.2,4.7,67.9,1.0,2.3,3.3,4.5,2.0,0.7,2.2,7.8
176,Davion Mitchell,TOR,7,29.1,8.1,3.3,8.0,41.1,1.0,3.9,25.9,0.6,0.9,66.7,0.3,2.0,2.3,6.1,1.1,0.6,3.1,10.1
177,Jalen Wilson,BKN,7,21.9,8.0,2.6,5.4,47.4,1.0,3.0,33.3,1.9,2.1,86.7,1.0,2.3,3.3,2.0,0.4,0.0,1.0,9.6
178,Cason Wallace,OKC,6,25.3,7.8,3.3,7.3,45.5,1.0,3.2,31.6,0.2,0.2,100,0.7,2.7,3.3,1.5,1.8,0.5,0.7,10.3
178,Ryan Dunn,PHX,6,17.8,7.8,3.0,6.5,46.2,1.8,4.7,39.3,0.0,0.0,0.0,0.5,1.7,2.2,0.8,0.5,0.3,0.3,7.8
180,Jared McCain,PHI,5,12.8,7.8,3.0,6.6,45.5,0.4,2.0,20.0,1.4,1.4,100,0.8,1.6,2.4,1.2,0.2,0.0,0.6,7.4
181,Al Horford,BOS,6,25.3,7.7,2.8,5.7,50.0,2.0,3.8,52.2,0.0,0.0,0.0,1.0,3.7,4.7,2.3,1.0,0.5,0.7,12.7
181,Dalton Knecht,LAL,6,17.0,7.7,2.7,6.0,44.4,1.3,3.8,34.8,1.0,1.0,100,0.2,1.3,1.5,1.2,0.3,0.0,0.7,6.7
183,Eric Gordon,PHI,5,22.6,7.6,2.4,5.8,41.4,1.0,3.2,31.3,1.8,2.4,75.0,0.2,0.6,0.8,1.4,0.0,0.2,0.6,5.4
184,Jake LaRavia,MEM,7,25.4,7.6,2.7,5.9,46.3,0.7,2.3,31.3,1.4,2.9,50.0,1.7,4.3,6.0,3.0,0.4,0.3,1.4,11.3
185,Ayo Dosunmu,CHI,6,26.7,7.5,3.2,8.7,36.5,0.8,4.7,17.9,0.3,0.5,66.7,0.3,5.2,5.5,4.2,0.0,0.5,1.3,10.7
185,Ben Sheppard,IND,6,18.2,7.5,2.8,5.2,54.8,1.8,3.7,50.0,0.0,0.0,0.0,0.5,1.8,2.3,0.8,0.2,0.3,0.2,8.7
185,Kris Dunn,LAC,6,21.5,7.5,3.0,5.2,58.1,1.3,2.7,50.0,0.2,0.7,25.0,1.2,3.7,4.8,2.5,1.2,0.0,1.2,12.2
188,Draymond Green,GSW,6,26.8,7.3,2.3,5.3,43.8,1.2,2.5,46.7,1.5,2.3,64.3,1.0,4.2,5.2,4.2,1.0,1.5,1.8,13.5
188,Kevin Porter Jr.,LAC,6,16.0,7.3,3.2,9.2,34.5,0.3,2.8,11.8,0.7,0.8,80.0,0.8,2.7,3.5,2.2,0.8,0.2,2.5,5.3
188,Mike Conley,MIN,6,23.7,7.3,1.8,7.0,26.2,1.5,5.0,30.0,2.2,2.3,92.9,1.0,1.7,2.7,4.3,1.5,0.3,1.5,9.3
191,Anthony Black,ORL,7,25.1,7.3,2.7,6.3,43.2,0.7,1.7,41.7,1.1,1.6,72.7,1.0,2.1,3.1,4.1,0.4,1.0,2.3,9.7
192,Guerschon Yabusele,PHI,5,19.6,7.2,2.6,5.6,46.4,1.2,3.4,35.3,0.8,1.2,66.7,1.4,2.4,3.8,2.0,1.4,0.4,1.8,9.6
193,Patrick Williams,CHI,6,28.2,7.2,2.5,8.7,28.8,1.3,4.3,30.8,0.8,1.2,71.4,1.3,4.5,5.8,1.8,1.0,0.5,1.7,8.2
194,Jonathan Mogbo,TOR,7,17.1,7.1,2.3,4.7,48.5,0.1,0.7,20.0,2.4,3.1,77.3,2.4,2.0,4.4,1.9,1.3,0.9,1.1,11.3
194,Sam Merrill,CLE,7,19.6,7.1,2.3,5.4,42.1,2.0,5.0,40.0,0.6,0.6,100,0.1,1.0,1.1,1.6,0.7,0.1,0.1,7.4
196,Andrew Nembhard,IND,5,25.2,7.0,2.8,7.0,40.0,0.2,1.8,11.1,1.2,1.6,75.0,0.0,1.8,1.8,5.0,1.0,0.0,1.8,8.4
196,Isaiah Jackson,IND,5,16.8,7.0,2.8,4.6,60.9,0.0,0.0,0.0,1.4,2.8,50.0,2.2,3.4,5.6,1.0,0.6,1.6,1.0,11.6
196,Jose Alvarado,NOP,7,22.7,7.0,2.6,7.1,36.0,1.3,4.1,31.0,0.6,0.6,100,0.6,1.7,2.3,4.7,1.4,0.4,1.1,10.1
199,Dean Wade,CLE,7,23.9,6.9,2.4,5.9,41.5,1.6,4.7,33.3,0.4,1.1,37.5,0.6,3.9,4.4,1.9,1.3,0.0,0.3,10.0
200,Jamison Battle,TOR,6,15.3,6.7,2.2,4.7,46.4,1.3,3.5,38.1,1.0,1.3,75.0,1.2,2.0,3.2,0.8,0.0,0.3,0.0,8.2
200,Lindy Waters III,GSW,6,15.0,6.7,2.5,4.7,53.6,1.3,3.2,42.1,0.3,0.3,100,0.5,1.5,2.0,1.8,0.5,0.2,0.0,9.0
202,Amir Coffey,LAC,6,21.2,6.5,2.3,4.3,53.8,0.8,1.8,45.5,1.0,1.5,66.7,0.3,1.3,1.7,0.7,0.7,0.0,0.7,6.3
202,Cam Whitmore,HOU,6,11.2,6.5,2.7,6.8,39.0,0.2,2.7,6.3,1.0,1.7,60.0,0.7,1.0,1.7,0.3,0.0,0.2,0.5,3.3
204,Jamal Shead,TOR,7,18.6,6.4,2.4,6.6,37.0,0.6,2.3,25.0,1.0,1.1,87.5,0.1,0.9,1.0,5.0,0.4,0.1,2.0,6.7
205,Brice Sensabaugh,UTA,6,14.8,6.3,2.2,4.7,46.4,1.3,3.0,44.4,0.7,0.8,80.0,0.8,1.3,2.2,0.7,0.5,0.0,1.2,5.8
206,Noah Clowney,BKN,7,16.1,6.1,2.0,6.3,31.8,1.0,3.4,29.2,1.1,1.4,80.0,1.1,2.1,3.3,0.4,0.3,0.6,0.4,5.7
206,Simone Fontecchio,DET,7,19.4,6.1,1.7,5.3,32.4,1.1,3.6,32.0,1.6,2.0,78.6,1.0,2.6,3.6,0.4,0.0,0.1,0.7,5.6
208,Keaton Wallace,ATL,5,14.2,6.0,2.2,4.0,55.0,1.2,2.2,54.5,0.4,0.4,100,0.2,1.2,1.4,1.2,0.6,0.2,0.6,7.0
208,Kentavious Caldwell-Pope,ORL,7,28.1,6.0,1.9,5.9,31.7,1.0,4.6,21.9,1.3,1.3,100,0.4,0.9,1.3,1.3,1.1,0.7,0.6,5.9
208,Keon Ellis,SAC,5,17.8,6.0,2.0,3.8,52.6,0.8,2.2,36.4,1.2,1.4,85.7,0.8,1.2,2.0,1.0,1.4,1.4,0.6,9.2
208,Ousmane Dieng,OKC,6,14.7,6.0,2.2,5.2,41.9,1.0,3.3,30.0,0.7,0.8,80.0,0.3,2.7,3.0,1.0,0.7,0.5,0.0,8.0
208,Yves Missi,NOP,7,21.6,6.0,2.4,5.6,43.6,0.0,0.0,0.0,1.1,2.0,57.1,2.9,3.1,6.0,1.7,0.6,1.6,0.7,11.1
213,Ben Simmons,BKN,6,24.3,5.8,2.7,4.3,61.5,0.0,0.0,0.0,0.5,0.7,75.0,1.0,5.0,6.0,6.2,0.7,0.7,3.3,14.2
214,Luke Kornet,BOS,7,19.0,5.7,1.9,2.9,65.0,0.0,0.0,0.0,2.0,2.1,93.3,2.3,1.9,4.1,1.7,0.6,1.0,0.6,11.4
215,Kevon Looney,GSW,6,16.2,5.7,2.0,4.3,46.2,0.0,0.0,0.0,1.7,2.7,62.5,3.8,4.0,7.8,1.8,1.2,0.7,0.8,13.0
216,Cameron Payne,NYK,5,15.4,5.6,2.4,6.6,36.4,0.8,3.0,26.7,0.0,0.2,0.0,0.6,1.4,2.0,3.2,0.6,0.2,0.4,6.8
216,Dalano Banton,POR,5,6.8,5.6,2.0,3.0,66.7,0.6,1.2,50.0,1.0,2.0,50.0,0.2,0.4,0.6,1.4,0.4,0.4,0.8,5.6
216,Marcus Smart,MEM,5,19.8,5.6,1.6,6.8,23.5,0.6,3.6,16.7,1.8,2.2,81.8,1.0,1.2,2.2,2.8,1.2,0.6,1.4,5.4
219,Rayan Rupert,POR,6,11.7,5.5,2.2,3.8,56.5,0.8,1.7,50.0,0.3,0.5,66.7,0.5,1.2,1.7,0.3,0.8,0.2,0.3,6.3
219,Terance Mann,LAC,6,23.5,5.5,2.2,5.7,38.2,0.2,1.7,10.0,1.0,1.5,66.7,1.7,2.2,3.8,2.0,0.7,0.0,0.7,7.3
221,Brandon Clarke,MEM,7,14.6,5.4,2.3,4.4,51.6,0.0,0.6,0.0,0.9,1.3,66.7,0.9,2.1,3.0,0.7,0.7,0.1,0.4,7.0
221,Jett Howard,ORL,7,11.0,5.4,1.9,4.9,38.2,1.4,3.9,37.0,0.3,0.3,100,0.1,1.4,1.6,0.1,0.1,0.3,0.3,4.3
223,Thomas Bryant,MIA,5,14.0,5.4,1.8,3.4,52.9,0.8,1.8,44.4,1.0,1.0,100,1.0,2.6,3.6,0.8,0.2,0.8,0.2,9.0
224,Georges Niang,CLE,7,18.3,5.3,2.0,5.0,40.0,1.1,3.6,32.0,0.1,0.3,50.0,0.7,2.9,3.6,1.1,0.4,0.1,1.0,6.4
224,Javonte Green,NOP,7,21.1,5.3,1.7,3.1,54.5,0.6,1.4,40.0,1.3,1.4,90.0,1.0,2.6,3.6,0.7,1.4,0.7,0.6,9.6
224,Kris Murray,POR,7,17.0,5.3,1.9,4.4,41.9,0.9,2.0,42.9,0.7,1.9,38.5,1.3,1.9,3.1,1.0,0.6,0.1,0.9,5.6
227,Duncan Robinson,MIA,4,16.3,5.3,2.0,7.5,26.7,1.3,5.5,22.7,0.0,0.0,0.0,0.0,1.0,1.0,0.5,0.0,0.5,0.5,1.3
227,Jared Butler,WAS,4,9.0,5.3,2.0,3.8,53.3,0.3,0.5,50.0,1.0,1.5,66.7,0.0,0.8,0.8,2.3,0.8,0.3,0.5,6.5
229,Kyle Filipowski,UTA,5,14.4,5.2,2.2,4.4,50.0,0.8,2.4,33.3,0.0,0.4,0.0,0.6,3.4,4.0,1.0,0.2,0.0,1.2,6.6
229,Kyshawn George,WAS,5,25.4,5.2,2.0,7.0,28.6,0.4,4.4,9.1,0.8,1.2,66.7,0.6,3.2,3.8,2.4,1.0,1.6,1.0,7.6
231,Stephon Castle,SAS,6,19.8,5.2,1.8,6.3,28.9,0.3,2.2,15.4,1.2,2.2,53.8,0.7,1.7,2.3,2.5,0.7,0.3,1.3,4.2
232,Ronald Holland II,DET,7,14.1,5.1,2.3,4.7,48.5,0.1,1.6,9.1,0.4,0.4,100,0.1,2.4,2.6,0.6,0.4,0.1,0.7,5.7
233,Isaac Okoro,CLE,7,19.0,5.0,1.6,3.6,44.0,0.9,1.7,50.0,1.0,1.6,63.6,1.0,1.6,2.6,1.1,0.9,0.4,0.3,7.1
233,Jaxson Hayes,LAL,6,15.7,5.0,2.0,2.2,92.3,0.0,0.0,0.0,1.0,1.0,100,1.7,2.5,4.2,1.2,0.3,0.7,0.8,10.3
233,Neemias Queta,BOS,6,12.2,5.0,2.3,3.3,70.0,0.0,0.2,0.0,0.3,0.3,100,2.0,2.2,4.2,0.5,0.0,0.2,0.5,8.3
233,Zach Collins,SAS,6,13.5,5.0,1.5,3.3,45.0,0.7,1.3,50.0,1.3,1.3,100,1.3,2.5,3.8,1.7,0.7,0.3,1.0,8.7
237,Kyle Anderson,GSW,6,16.2,4.8,2.0,5.3,37.5,0.5,2.7,18.8,0.3,0.7,50.0,1.2,2.3,3.5,2.3,1.7,0.5,0.5,8.7
238,Gary Payton II,GSW,6,11.2,4.7,1.8,3.2,57.9,0.3,1.0,33.3,0.7,0.7,100,0.7,0.7,1.3,1.2,1.0,0.2,0.3,6.7
239,KJ Martin,PHI,5,20.8,4.6,1.6,2.6,61.5,0.2,0.2,100,1.2,1.6,75.0,0.8,2.4,3.2,1.0,0.4,1.0,0.0,8.8
240,Jabari Walker,POR,6,12.5,4.3,1.5,3.8,39.1,0.2,1.2,14.3,1.2,1.3,87.5,1.3,2.2,3.5,0.5,0.2,0.2,0.5,5.7
240,Peyton Watson,DEN,6,15.8,4.3,1.3,5.8,22.9,0.2,1.7,10.0,1.5,1.7,90.0,1.2,1.3,2.5,0.7,0.8,0.5,0.5,3.7
242,Daniel Theis,NOP,7,15.9,4.3,1.6,3.6,44.0,0.3,1.1,25.0,0.9,1.1,75.0,0.7,3.6,4.3,1.7,0.4,0.9,1.0,8.3
242,Donovan Clingan,POR,7,12.9,4.3,1.7,3.1,54.5,0.1,0.3,50.0,0.7,1.1,62.5,2.4,3.3,5.7,0.0,0.3,1.6,0.7,9.3
244,Patrick Baldwin Jr.,WAS,4,5.0,4.3,1.8,3.3,53.8,0.8,1.5,50.0,0.0,0.0,0.0,0.3,0.8,1.0,0.3,0.3,0.3,0.0,4.5
245,Marvin Bagley III,WAS,5,6.4,4.2,1.6,3.2,50.0,0.0,0.6,0.0,1.0,1.4,71.4,1.4,1.8,3.2,0.2,0.0,0.2,0.6,5.2
246,Julian Phillips,CHI,6,13.8,4.2,1.3,3.8,34.8,0.8,2.7,31.3,0.7,0.8,80.0,0.5,1.0,1.5,0.5,0.8,0.0,0.7,3.7
246,Mason Plumlee,PHX,6,17.2,4.2,1.5,2.7,56.3,0.0,0.0,0.0,1.2,2.3,50.0,1.5,3.8,5.3,1.0,0.5,0.8,0.7,8.8
246,Max Christie,LAL,6,17.3,4.2,1.0,3.2,31.6,0.5,2.0,25.0,1.7,1.8,90.9,0.7,1.5,2.2,1.2,0.5,0.3,0.8,5.2
249,Ajay Mitchell,OKC,6,14.0,4.0,1.7,3.5,47.6,0.5,0.8,60.0,0.2,0.3,50.0,0.3,1.5,1.8,1.5,0.7,0.2,0.8,5.3
249,Gary Harris,ORL,7,17.4,4.0,1.4,4.6,31.3,1.1,3.4,33.3,0.0,0.0,0.0,0.4,1.1,1.6,0.4,0.1,0.6,0.4,3.1
249,Jeremiah Robinson-Earl,NOP,7,11.7,4.0,1.4,3.1,45.5,0.7,1.3,55.6,0.4,0.4,100,1.7,1.0,2.7,0.9,0.3,0.0,0.7,5.4
252,Jarace Walker,IND,6,9.0,3.8,1.3,3.0,44.4,0.5,1.5,33.3,0.7,0.7,100,0.5,1.0,1.5,0.8,1.0,0.0,1.0,4.5
252,Keon Johnson,BKN,6,9.3,3.8,1.5,3.0,50.0,0.3,1.5,22.2,0.5,0.7,75.0,0.3,2.0,2.3,0.3,0.5,0.3,0.2,5.5
252,Pat Connaughton,MIL,6,16.0,3.8,1.3,4.5,29.6,0.8,3.2,26.3,0.3,0.3,100,0.7,2.5,3.2,1.3,0.0,0.2,0.7,4.7
252,Trey Lyles,SAC,6,16.2,3.8,1.2,4.7,25.0,0.8,3.5,23.8,0.7,0.7,100,0.5,3.0,3.5,0.8,0.8,0.8,0.5,5.8
256,Spencer Dinwiddie,DAL,5,14.4,3.6,0.8,3.2,25.0,0.8,2.6,30.8,1.2,1.6,75.0,0.0,0.8,0.8,1.6,0.2,0.4,0.4,3.4
257,Cody Williams,UTA,6,22.3,3.5,1.2,5.8,20.0,0.5,3.7,13.6,0.7,0.7,100,0.7,2.2,2.8,1.0,0.5,0.2,0.8,2.5
257,Monté Morris,PHX,6,9.3,3.5,1.0,2.8,35.3,0.5,1.7,30.0,1.0,1.3,75.0,0.3,0.8,1.2,1.5,0.5,0.2,0.2,4.5
257,Quentin Grimes,DAL,6,12.2,3.5,1.2,3.3,35.0,0.7,1.8,36.4,0.5,0.8,60.0,0.2,1.5,1.7,0.2,0.5,0.2,0.5,3.0
260,AJ Green,MIL,5,7.2,3.4,1.0,2.2,45.5,1.0,2.2,45.5,0.4,0.4,100,0.0,0.4,0.4,0.6,0.2,0.0,0.2,3.2
261,Naji Marshall,DAL,6,18.5,3.3,1.3,4.3,30.8,0.0,1.5,0.0,0.7,0.7,100,0.3,2.8,3.2,3.2,1.0,0.2,0.5,7.3
261,Nicolas Batum,LAC,6,19.2,3.3,1.0,3.2,31.6,0.7,2.5,26.7,0.7,1.0,66.7,0.7,2.5,3.2,2.7,0.5,1.0,0.5,7.7
263,Blake Wesley,SAS,6,7.8,3.2,1.2,3.3,35.0,0.2,1.2,14.3,0.7,1.0,66.7,0.3,0.3,0.7,1.0,0.0,0.0,0.8,1.5
263,Cole Anthony,ORL,6,13.0,3.2,1.2,4.3,26.9,0.3,2.0,16.7,0.5,1.2,42.9,0.3,1.8,2.2,2.7,0.8,0.2,1.7,3.5
263,Gabe Vincent,LAL,6,17.7,3.2,1.3,4.5,29.6,0.5,2.7,18.8,0.0,0.0,0.0,0.3,0.8,1.2,0.7,0.7,0.0,0.5,2.0
266,Isaiah Stewart,DET,7,18.7,3.0,0.9,2.0,42.9,0.0,0.4,0.0,1.3,1.3,100,2.4,4.0,6.4,1.9,0.7,1.3,1.6,10.6
266,Jaden Hardy,DAL,6,10.3,3.0,1.0,3.0,33.3,0.7,2.0,33.3,0.3,0.3,100,0.3,0.7,1.0,0.7,0.2,0.2,1.3,1.7
268,Kai Jones,LAC,6,9.7,2.8,1.2,1.8,63.6,0.0,0.0,0.0,0.5,0.8,60.0,1.5,1.2,2.7,0.5,0.0,0.8,0.3,5.5
268,Moussa Diabate,CHA,6,12.0,2.8,1.2,2.0,58.3,0.0,0.0,0.0,0.5,1.3,37.5,2.2,2.2,4.3,0.5,0.2,0.3,0.5,6.0
270,Johnny Davis,WAS,4,8.5,2.8,1.3,2.3,55.6,0.0,0.3,0.0,0.3,0.5,50.0,0.5,1.5,2.0,0.5,0.3,0.0,0.0,4.3
271,Alex Caruso,OKC,6,19.5,2.7,1.2,4.3,26.9,0.3,2.7,12.5,0.0,0.2,0.0,0.7,2.2,2.8,1.8,1.8,0.7,0.7,5.8
271,Patty Mills,UTA,6,15.7,2.7,1.0,3.3,30.0,0.7,2.7,25.0,0.0,0.0,0.0,0.2,0.7,0.8,1.0,0.7,0.3,0.8,2.3
273,Delon Wright,MIL,6,14.5,2.5,1.0,2.2,46.2,0.5,1.2,42.9,0.0,0.0,0.0,0.0,0.7,0.7,1.0,0.3,0.3,0.5,3.2
273,Reed Sheppard,HOU,6,8.3,2.5,1.0,2.5,40.0,0.5,1.2,42.9,0.0,0.0,0.0,0.2,0.5,0.7,1.3,0.2,0.2,0.7,2.7
275,Ricky Council IV,PHI,4,7.0,2.3,0.5,1.5,33.3,0.3,0.8,33.3,1.0,1.0,100,0.0,0.5,0.5,0.8,0.0,0.0,0.3,2.3
276,Xavier Tillman,BOS,6,12.8,2.2,0.8,3.0,27.8,0.5,1.7,30.0,0.0,0.0,0.0,0.8,2.0,2.8,0.7,0.5,0.0,0.5,3.5
277,Dalen Terry,CHI,6,9.3,2.0,0.7,1.8,36.4,0.0,0.3,0.0,0.7,1.0,66.7,0.2,0.8,1.0,0.5,0.5,0.3,0.3,2.5
278,Andre Jackson Jr.,MIL,5,9.4,1.8,0.8,1.6,50.0,0.2,0.8,25.0,0.0,0.4,0.0,0.4,1.4,1.8,1.0,0.8,0.2,1.2,3.2
278,MarJon Beauchamp,MIL,5,2.6,1.8,0.6,1.8,33.3,0.2,1.0,20.0,0.4,0.4,100,0.2,0.2,0.4,0.0,0.2,0.0,0.8,0.4
280,Jericho Sims,NYK,5,13.8,1.6,0.8,1.2,66.7,0.0,0.0,0.0,0.0,0.0,0.0,1.6,2.6,4.2,0.2,0.0,0.6,0.6,5.6
281,Tyler Smith,MIL,5,3.0,1.4,0.6,1.0,60.0,0.2,0.6,33.3,0.0,0.0,0.0,0.2,0.4,0.6,0.0,0.0,0.0,0.2,1.4
282,Jordan Walsh,BOS,6,9.5,1.3,0.5,2.0,25.0,0.3,1.7,20.0,0.0,0.0,0.0,0.2,0.5,0.7,0.2,0.2,0.2,0.0,1.0
283,Dwight Powell,DAL,5,3.6,1.2,0.4,0.4,100,0.0,0.0,0.0,0.4,0.8,50.0,0.6,0.4,1.0,0.0,0.0,0.4,0.4,1.8
284,Dillon Jones,OKC,6,4.2,1.2,0.5,1.3,37.5,0.2,0.8,20.0,0.0,0.0,0.0,0.3,0.7,1.0,0.5,0.2,0.0,0.2,1.8
285,Adem Bona,PHI,4,2.0,1.0,0.5,0.5,100,0.0,0.0,0.0,0.0,0.0,0.0,0.5,0.0,0.5,0.0,0.0,0.3,0.3,1.5
285,Dario Šarić,DEN,5,8.8,1.0,0.4,2.4,16.7,0.0,0.6,0.0,0.2,0.4,50.0,0.8,0.8,1.6,0.2,0.2,0.0,0.4,0.4
285,Dru Smith,MIA,4,7.0,1.0,0.5,1.5,33.3,0.0,0.3,0.0,0.0,0.0,0.0,0.5,1.3,1.8,0.5,0.0,1.0,0.5,2.8
285,Matas Buzelis,CHI,5,5.6,1.0,0.4,2.2,18.2,0.0,1.0,0.0,0.2,0.4,50.0,0.2,0.4,0.6,0.6,0.2,0.0,0.2,0.2
285,Shake Milton,BKN,6,7.3,1.0,0.3,1.3,25.0,0.3,1.2,28.6,0.0,0.0,0.0,0.0,0.5,0.5,0.8,0.2,0.0,0.0,1.5
290,Ariel Hukporti,NYK,4,7.3,0.0,0.0,0.3,0.0,0.0,0.0,0.0,0.0,0.0,0.0,0.0,1.8,1.8,0.0,0.0,1.0,0.8,1.8
290,Joe Ingles,MIN,5,5.2,0.0,0.0,0.4,0.0,0.0,0.4,0.0,0.0,0.0,0.0,0.4,0.0,0.4,1.6,0.0,0.0,0.2,1.4
290,Yuki Kawamura,MEM,5,2.2,0.0,0.0,0.8,0.0,0.0,0.8,0.0,0.0,0.0,0.0,0.0,0.0,0.0,0.2,0.0,0.0,0.2,-0.8
